"Data Source","World Development Indicators",

"Last Updated Date","2025-12-19",

"Country Name","Country Code","Indicator Name","Indicator Code","1960","1961","1962","1963","1964","1965","1966","1967","1968","1969","1970","1971","1972","1973","1974","1975","1976","1977","1978","1979","1980","1981","1982","1983","1984","1985","1986","1987","1988","1989","1990","1991","1992","1993","1994","1995","1996","1997","1998","1999","2000","2001","2002","2003","2004","2005","2006","2007","2008","2009","2010","2011","2012","2013","2014","2015","2016","2017","2018","2019","2020","2021","2022","2023","2024",
"Aruba","ABW","Maternal mortality ratio (national estimate, per 100,000 live births)","SH.STA.MMRT.NE","","","","","","","","","","","","","","","","","","","","","","","","","","","","","","","","","","","","","","","","0","0","0","0","0","83.8","0","0","0","0","0","0","160.9","0","0","0","0","158.9","83.2","0","0","","","","","",
"Africa Eastern and Southern","AFE","Maternal mortality ratio (national estimate, per 100,000 live births)","SH.STA.MMRT.NE","","","","","","","","","","","","","","","","","","","","","","","","","","","","","","","","","","","","","","","","","","","","","","","","","","","","","","","","","","","","","","","","","",
"Afghanistan","AFG","Maternal mortality ratio (national estimate, per 100,000 live births)","SH.STA.MMRT.NE","","","","","","","","","","","","","","","","","","","","","","","","","","","","","","","","","","","","","","","","","1900","","","","","","","","","","","","","","","","","","","","","","","","",
"Africa Western and Central","AFW","Maternal mortality ratio (national estimate, per 100,000 live births)","SH.STA.MMRT.NE","","","","","","","","","","","","","","","","","","","","","","","","","","","","","","","","","","","","","","","","","","","","","","","","","","","","","","","","","","","","","","","","","",
"Angola","AGO","Maternal mortality ratio (national estimate, per 100,000 live births)","SH.STA.MMRT.NE","","","","","","","","","","","","","","","","","","","","","","","","","","","","","","","","","","","","","","","","","","","","","","","","","","","","","","","","","","","","","","","","","",
"Albania","ALB","Maternal mortality ratio (national estimate, per 100,000 live births)","SH.STA.MMRT.NE","","","","","","","","","","","","","","","","","","","","","","","","","","","","","","","","","","","","","","","","","","","","","","","","","","","","","","","","","","","","","","","","","",
"Andorra","AND","Maternal mortality ratio (national estimate, per 100,000 live births)","SH.STA.MMRT.NE","","","","","","","","","","","","","","","","","","","","","","","","","","","","","","","","","","","","","","","","","","","","","","","","","","","","","","","","","","","","","","","","","",
"Arab World","ARB","Maternal mortality ratio (national estimate, per 100,000 live births)","SH.STA.MMRT.NE","","","","","","","","","","","","","","","","","","","","","","","","","","","","","","","","","","","","","","","","","","","","","","","","","","","","","","","","","","","","","","","","","",
"United Arab Emirates","ARE","Maternal mortality ratio (national estimate, per 100,000 live births)","SH.STA.MMRT.NE","","","","","","","","","","","","","","","","","","","","","","","","","","","","","","","32.6","","","","","22.4","","","","","0","","","","","0","","","1.4","","","","","","","","","","","","","","","","",
"Argentina","ARG","Maternal mortality ratio (national estimate, per 100,000 live births)","SH.STA.MMRT.NE","","","","","","","","","","","","","","","","","","","","","","","","","","","","","","","","","","","","44","46.9","38.3","38.1","41.1","34.9","43.5","46.1","43.6","40.1","39.2","47.8","43.7","39.7","55","43.8","39.8","34.9","32.5","37.3","38.7","33.7","28.7","37.5","30.1","41.4","74.2","34.3","","",
"Armenia","ARM","Maternal mortality ratio (national estimate, per 100,000 live births)","SH.STA.MMRT.NE","","","","","","","","","","","","","","","","","","","","","","","","","","","","","","","","","","","","","","","","","","","","","","","","","","","","","","","","","","","","","","","","","",
"American Samoa","ASM","Maternal mortality ratio (national estimate, per 100,000 live births)","SH.STA.MMRT.NE","","","","","","","","","","","","","","","","","","","","","","","","","","","","","","","","","","","","","","","","","","","","","","","","","","","","","","","","","","","","","","","","","",
"Antigua and Barbuda","ATG","Maternal mortality ratio (national estimate, per 100,000 live births)","SH.STA.MMRT.NE","","","","","","","","","","","","","","","","","","","","","","","","","","","","","","","","","","","","0","0","","0","0","","","","","0","0","0","","0","","","0","0","0","0","173","0","0","","","0","0","0","","",
"Australia","AUS","Maternal mortality ratio (national estimate, per 100,000 live births)","SH.STA.MMRT.NE","","","","","","","","","","","","","","","","","","","","","","","","","","","","","","","","","","","","","","","","","","","","","","","","","","","","","","","","","","","","","","","","","",
"Austria","AUT","Maternal mortality ratio (national estimate, per 100,000 live births)","SH.STA.MMRT.NE","","","","","","","","","","","","","","","","","","","","","","","","","","","","","","","","","","","","","","","","","","","","","","","","","","","","","","","","","","","","","","","","","",
"Azerbaijan","AZE","Maternal mortality ratio (national estimate, per 100,000 live births)","SH.STA.MMRT.NE","","","","","","","","","","","","","","","","","","","","","","","","","","","","","","","","","","","","","","","","","","","","","","","","","","","","","","","","","","","","","","","","","",
"Burundi","BDI","Maternal mortality ratio (national estimate, per 100,000 live births)","SH.STA.MMRT.NE","","","","","","","","","","","","","","","","","","","","","","","","","","","","","","","","","","","","","","","","","","","","","","","","","","","","","","","","","334","","","","","","","","",
"Belgium","BEL","Maternal mortality ratio (national estimate, per 100,000 live births)","SH.STA.MMRT.NE","","","","","","","","","","","","","","","","","","","","","","","","","","","","","","","","","","","","","","","","","","","","","","","","","","","","","","","","","","","","","","","","","",
"Benin","BEN","Maternal mortality ratio (national estimate, per 100,000 live births)","SH.STA.MMRT.NE","","","","","","","","","","","","","","","","","","","","","","","","","","","","","","","","","","","","","","","","","","","","","","","","","","","","","","","","","","391","","","","","","","",
"Burkina Faso","BFA","Maternal mortality ratio (national estimate, per 100,000 live births)","SH.STA.MMRT.NE","","","","","","","","","","","","","","","","","","","","","","","","","","","","","","","","","","","","","","","","","","","","","","","","","","","","","330","","","","","","","","","198","","","",
"Bangladesh","BGD","Maternal mortality ratio (national estimate, per 100,000 live births)","SH.STA.MMRT.NE","","","","","","","","","","","","","","","","","","","","","","","","","","","","","","","","","","","","","","","","","","","","","","","","","","194","","","","","","195.862","","172","169","165","163","","","","",
"Bulgaria","BGR","Maternal mortality ratio (national estimate, per 100,000 live births)","SH.STA.MMRT.NE","","","","","","","","","","","","","","","","","","","","","","","","","","","","","","","","","","","","","","","","","","","","","","","","","","","","","","","","","","","","","","","","8.74171722293127","",
"Bahrain","BHR","Maternal mortality ratio (national estimate, per 100,000 live births)","SH.STA.MMRT.NE","","","","","","","","","","","","","","","","","","","","","","","","","","","","","","","","","","","","","","","","","","","","","","","","","","","","","","","","","24.1382639760548","14.5765511879889","20.2634245187437","16.1194992208909","11.0852455381887","11.4560659869401","34.3721356553621","0","",
"Bahamas, The","BHS","Maternal mortality ratio (national estimate, per 100,000 live births)","SH.STA.MMRT.NE","","","","","","","","","","","","","","","","","","","","","","","","","","","","","","","","","","","","64","0","0","17","19","38","187","","40","39","90","0","68","55","131","99","0","62","68","64","65.8","22.9","114.9","23.3","118.5","92.7","248.8","212.1","","",
"Bosnia and Herzegovina","BIH","Maternal mortality ratio (national estimate, per 100,000 live births)","SH.STA.MMRT.NE","","","","","","","","","","","","","","","","","","","","","","","","","","","","","","","","","","","","","","","","","","","","","","","","","","","","","","","","","","","","","","","","","",
"Belarus","BLR","Maternal mortality ratio (national estimate, per 100,000 live births)","SH.STA.MMRT.NE","","","","","","","","","","","","","","","","","","","","","","","","","","","","","","","","","","","","","","","","","","","","","","","","","","","","","","","","","","","","1.14152644916783","","","","","",
"Belize","BLZ","Maternal mortality ratio (national estimate, per 100,000 live births)","SH.STA.MMRT.NE","","","","","","","","","","","","","","","","","","","","","","","","","","","","","","","","","","","","","","","117.84","28.12","68.3713934089977","55.4400554400554","92.678405931418","40.4476203316705","63.8569604086846","134.10218586563","69.5991091314031","85.2878464818763","42.4568355505236","53.9083557951483","96.8188105117566","0","70.0967334922193","13.7969094922737","54.757015742642","107.497984412792","84.5070422535211","134.37248051599","115.31069827034","137.570504883753","57.20823798627","225.39","56.64","78.83","",
"Bermuda","BMU","Maternal mortality ratio (national estimate, per 100,000 live births)","SH.STA.MMRT.NE","","","","","","","","","","","","","","","","","","","","","","","","","","","","","","","","","","","","","","117.8","0","0","0","0","0","0","0","0","125.3","0","0","0","0","0","0","0","0","0","0","0","0","0","0","0","","","",
"Bolivia","BOL","Maternal mortality ratio (national estimate, per 100,000 live births)","SH.STA.MMRT.NE","","","","","","","","","","","","","","","","","","","","","","","","","","373","416","","","","","390","","","","","","","","","","","","229","","","","","","","","160","","","","","","","","","","","","","",
"Brazil","BRA","Maternal mortality ratio (national estimate, per 100,000 live births)","SH.STA.MMRT.NE","","","","","","","","","","","","","","","","","","","","","","","","","","","","","","","","","","","","115.7","103.2","109.7","110.2","92.3","73.3","70.9","75.9","73","76.1","74.7","77.2","77","68.1","72.4","68.9","61.8","59.3","62.1","63.8","62","64.4","64.5","59.1","57.9","74.7","117.4","57.7","","",
"Barbados","BRB","Maternal mortality ratio (national estimate, per 100,000 live births)","SH.STA.MMRT.NE","","","","","","","","","","","","","","","","","","","","","","","","","","","","","","","","","","","","","","","","","","","","","0","0","","0","","","58","60.2","30.6","33.7","0","34.8","1.15","0","40.5","78.1","83.7","131","139.3","178.3","",
"Brunei Darussalam","BRN","Maternal mortality ratio (national estimate, per 100,000 live births)","SH.STA.MMRT.NE","","","","","","","","","","","","","","","","","","","","","","","","","","","","","","","","","","","","","","","","","","","","","","","","","","","","","","","","","","","","","","","","","",
"Bhutan","BTN","Maternal mortality ratio (national estimate, per 100,000 live births)","SH.STA.MMRT.NE","","","","","","","","","","","","","","","","","","","","","","","","","","","","","","","","","","380","","","","","","255.64","","","","","","","","","145.7","","","","","","","","","","","","","","","","",
"Botswana","BWA","Maternal mortality ratio (national estimate, per 100,000 live births)","SH.STA.MMRT.NE","","","","","","","","","","","","","","","","","","","","","","","","","","","","","","","","","","","","","","","","","","","","","","157.7","139.79","183.47","195.73","189.57","163","188.86","147.9","182.6","151.6","127","156.6","143.2","133.7","166.3","130.5","240","","","",
"Central African Republic","CAF","Maternal mortality ratio (national estimate, per 100,000 live births)","SH.STA.MMRT.NE","","","","","","","","","","","","","","","","","","","","","","","","","","","","","","","","","","","","","","","","","","","","","","","","","","","","","","","","","","","","","","","","","",
"Canada","CAN","Maternal mortality ratio (national estimate, per 100,000 live births)","SH.STA.MMRT.NE","","","","","","","","","","","","","","","","","","","","","","","","","","","","","","","","","","","","","","5.5","3.8","2.4","2.7","7.5","4","6.6","5.9","8.2","7.1","6.5","8.7","7.6","5.6","4.5","5","5.8","5","6","5.5","6.36","8.54","8.04","8.04","6.26","6.26","9.38","",
"Central Europe and the Baltics","CEB","Maternal mortality ratio (national estimate, per 100,000 live births)","SH.STA.MMRT.NE","","","","","","","","","","","","","","","","","","","","","","","","","","","","","","","","","","","","","","","","","","","","","","","","","","","","","","","","","","","","","","","","","",
"Switzerland","CHE","Maternal mortality ratio (national estimate, per 100,000 live births)","SH.STA.MMRT.NE","","","","","","","","","","","","","","","","","","","","","","","","","","","","","","","","","","","","","","","","","","","","","","","","","","","14.8661097169721","","","","","","","","","","","","1.2","2.5","",
"Channel Islands","CHI","Maternal mortality ratio (national estimate, per 100,000 live births)","SH.STA.MMRT.NE","","","","","","","","","","","","","","","","","","","","","","","","","","","","","","","","","","","","","","","","","","","","","","","","","","","","","","","","","","","","","","","","","",
"Chile","CHL","Maternal mortality ratio (national estimate, per 100,000 live births)","SH.STA.MMRT.NE","","","","","","","","","","","","","","","","","","","","","","","","","","","","","","","","","","","","","","22.3","20.3","22.7","18.7","17.4","17.1","12.2","17.3","18.5","19.3","18.2","16.5","19.7","17.9","16.1","17.2","15.2","13.5","15.5","9","17.3","13.5","10.9","21","19.72","14.2","","",
"China","CHN","Maternal mortality ratio (national estimate, per 100,000 live births)","SH.STA.MMRT.NE","","","","","","","","","","","","","","","","","","","","","","","","","","","","","","","88.9","","","","","61.9","","63.6","","58.7","53","50.2","43.2","51.3","48.3","47.7","41.1","36.6","34.2","31.9","30","26.1","24.5","23.2","21.7","20.1","19.9","19.6","18.3","17.8","","","","","",
"Cote d'Ivoire","CIV","Maternal mortality ratio (national estimate, per 100,000 live births)","SH.STA.MMRT.NE","","","","","","","","","","","","","","","","","","","","","","","","","","","","","","","","","","","","","","","","","","","","","","","","","","","","","","","","","","","","","","385","","","",
"Cameroon","CMR","Maternal mortality ratio (national estimate, per 100,000 live births)","SH.STA.MMRT.NE","","","","","","","","","","","","","","","","","","","","","","","","","","","","","","","","","","","","","","","","","","","","","","","","","","","652","","","","","","","","406","","","","","","",
"Congo, Dem. Rep.","COD","Maternal mortality ratio (national estimate, per 100,000 live births)","SH.STA.MMRT.NE","","","","","","","","","","","","","","","","","","","","","","","","","","","","","","","","","","","","","","","","","","","","","","","","","","","","","","","","","","","","","","","","","",
"Congo, Rep.","COG","Maternal mortality ratio (national estimate, per 100,000 live births)","SH.STA.MMRT.NE","","","","","","","","","","","","","","","","","","","","","","","","","","","","","","","","","","","","","","","","","","","","","","","","","","","","","","","","","","","","","","","","","",
"Colombia","COL","Maternal mortality ratio (national estimate, per 100,000 live births)","SH.STA.MMRT.NE","","","","","","","","","","","","","","","","","","","","","","","","","","","","","","","","","","","","","","","100.4","92.2","104.9","98.6","84.4","77.8","78.7","70.14","71.38","72.06","60.6","67.31","71.6","68.82","65.9","55.3","53.7","53.7","51.3","51","45.29","50.73","65.78","83.16","48.46","","",
"Comoros","COM","Maternal mortality ratio (national estimate, per 100,000 live births)","SH.STA.MMRT.NE","","","","","","","","","","","","","","","","","","","","","","","","","","","","","","","","","","","","","","","","","","","","","","","","","","","","","","","","","","","","","","","","","",
"Cabo Verde","CPV","Maternal mortality ratio (national estimate, per 100,000 live births)","SH.STA.MMRT.NE","","","","","","","","","","","","","","","","","","","","","","","","","","","","","","","","","","","","","","","","","","","","","","","","","","","","","","","","","","","","","","","","","",
"Costa Rica","CRI","Maternal mortality ratio (national estimate, per 100,000 live births)","SH.STA.MMRT.NE","","","","","","","","","","","","","","","","","","","","","","","","","","","","","","","","","","","","19.9","29","37.2","15.6","28","35.8","32.7","38","32.9","30.5","37.7","39.3","19.1","33.3","26.7","22.6","24.5","30","19.8","29.3","27.8","28.6","23.3","14.6","20.2","34.39","40.52","14.97","7.96","",
"Caribbean small states","CSS","Maternal mortality ratio (national estimate, per 100,000 live births)","SH.STA.MMRT.NE","","","","","","","","","","","","","","","","","","","","","","","","","","","","","","","","","","","","","","","","","","","","","","","","","","","","","","","","","","","","","","","","","",
"Cuba","CUB","Maternal mortality ratio (national estimate, per 100,000 live births)","SH.STA.MMRT.NE","","","","","","","","","","","","","","","","","","","","","","","","","","","","","","","","","","","","47.6","36.4","38.6","39.1","43.8","40.4","33.9","41.1","39.5","38.5","51.4","49.4","31.1","46.5","46.9","43.1","40.6","33.4","38.9","35.1","41.6","41.9","39.1","43.8","37.4","40","176.6","40.9","38.7","",
"Curacao","CUW","Maternal mortality ratio (national estimate, per 100,000 live births)","SH.STA.MMRT.NE","","","","","","","","","","","","","","","","","","","","","","","","","","","","","","","","","","","","","","","","","0","0","165","155.7","59.5","0","0","161.1","","","","","","","","","","","","","","","","","",
"Cayman Islands","CYM","Maternal mortality ratio (national estimate, per 100,000 live births)","SH.STA.MMRT.NE","","","","","","","","","","","","","","","","","","","","","","","","","","","","","","","","","","","","","","","","","","0","0","0","0","","0","0","0","0","0","0","0","0","0","0","0","0","0","0","0","117.2","0","0","",
"Cyprus","CYP","Maternal mortality ratio (national estimate, per 100,000 live births)","SH.STA.MMRT.NE","","","","","","","","","","","","","","","","","","","","","","","","","","","","","","","","","","","","","","","","","","","","","","","","","","","","","","","","","","","","89","108","","","","",
"Czechia","CZE","Maternal mortality ratio (national estimate, per 100,000 live births)","SH.STA.MMRT.NE","","","","","","","","","","","","","","","","","","","","","","","","","","","","","","","","","","","","","","","","","","","","","","","","","","","","","","","","","","","","","","","","","",
"Germany","DEU","Maternal mortality ratio (national estimate, per 100,000 live births)","SH.STA.MMRT.NE","","","","","","","","","","","","","","","","","","","","","","","","","","","","","","","","","","","","","","","","","","","","","","","","","","","","","","","","","","","","","","","","","",
"Djibouti","DJI","Maternal mortality ratio (national estimate, per 100,000 live births)","SH.STA.MMRT.NE","","","","","","","","","","","","","","","","","","","","","","","","","","","","","","","","","","","","","","","","","","","","","","","","","","","","","","","","","","","","","","","","","",
"Dominica","DMA","Maternal mortality ratio (national estimate, per 100,000 live births)","SH.STA.MMRT.NE","","","","","","","","","","","","","","","","","","","","","","","","","","","","","","","","","","","","","0","","","0","0","","","0","0","0","0","","","","214.6","0","105","0","0","116","251.3","0","0","0","0","0","153.4","0","",
"Denmark","DNK","Maternal mortality ratio (national estimate, per 100,000 live births)","SH.STA.MMRT.NE","","","","","","","","","","","","","","","","","","","","","","","","","","","","","","","","","","","","","","","","","","","","","","","","3.9931728153922","","","","","","","","","","","","","","","","","",
"Dominican Republic","DOM","Maternal mortality ratio (national estimate, per 100,000 live births)","SH.STA.MMRT.NE","","","","","","","","","","","","","","","","","","","","","","","","","","","","","","","","","","","","","229.3","","","121.6","97.8","98.8","135.6","128","143.7","142.3","126.5","116.1","98.8","113.8","103","98.2","93.8","101.8","100.8","99.3","90","104","107.1","90.7","112.2","139.7","","","",
"Algeria","DZA","Maternal mortality ratio (national estimate, per 100,000 live births)","SH.STA.MMRT.NE","","","","","","","","","","","","","","","","","","","","","","","","","","","","","","","","","","","","","","","","117.41","","","","","","","","","","","","","","","","75.9","","","","","","","","","",
"East Asia & Pacific (excluding high income)","EAP","Maternal mortality ratio (national estimate, per 100,000 live births)","SH.STA.MMRT.NE","","","","","","","","","","","","","","","","","","","","","","","","","","","","","","","","","","","","","","","","","","","","","","","","","","","","","","","","","","","","","","","","","",
"Early-demographic dividend","EAR","Maternal mortality ratio (national estimate, per 100,000 live births)","SH.STA.MMRT.NE","","","","","","","","","","","","","","","","","","","","","","","","","","","","","","","","","","","","","","","","","","","","","","","","","","","","","","","","","","","","","","","","","",
"East Asia & Pacific","EAS","Maternal mortality ratio (national estimate, per 100,000 live births)","SH.STA.MMRT.NE","","","","","","","","","","","","","","","","","","","","","","","","","","","","","","","","","","","","","","","","","","","","","","","","","","","","","","","","","","","","","","","","","",
"Europe & Central Asia (excluding high income)","ECA","Maternal mortality ratio (national estimate, per 100,000 live births)","SH.STA.MMRT.NE","","","","","","","","","","","","","","","","","","","","","","","","","","","","","","","","","","","","","","","","","","","","","","","","","","","","","","","","","","","","","","","","","",
"Europe & Central Asia","ECS","Maternal mortality ratio (national estimate, per 100,000 live births)","SH.STA.MMRT.NE","","","","","","","","","","","","","","","","","","","","","","","","","","","","","","","","","","","","","","","","","","","","","","","","","","","","","","","","","","","","","","","","","",
"Ecuador","ECU","Maternal mortality ratio (national estimate, per 100,000 live births)","SH.STA.MMRT.NE","","","","","","","","","","","","","","","","","","","","","","","","","","","","","","","","","","","","47.2","54.1","45.3","42.6","58.5","65.5","52.6","42.3","39.3","36.8","41","38.8","50.7","47.7","60.3","59","70.4","59.9","45.7","49.2","44.6","39.7","42.8","41.4","37","57.6","43.5","33.9","35.6210816810151","",
"Egypt, Arab Rep.","EGY","Maternal mortality ratio (national estimate, per 100,000 live births)","SH.STA.MMRT.NE","","","","","","","","","","","","","","","","","","","","","","","","","","","","","","","","","174","","","","","","","","84","","","","68","","59","","","","","","","","","","","","","","","","","","",
"Euro area","EMU","Maternal mortality ratio (national estimate, per 100,000 live births)","SH.STA.MMRT.NE","","","","","","","","","","","","","","","","","","","","","","","","","","","","","","","","","","","","","","","","","","","","","","","","","","","","","","","","","","","","","","","","","",
"Eritrea","ERI","Maternal mortality ratio (national estimate, per 100,000 live births)","SH.STA.MMRT.NE","","","","","","","","","","","","","","","","","","","","","","","","","","","","","","","","","","","","","","","","","","","","631","","","","","","","","","","","","","","","","","","","","","",
"Spain","ESP","Maternal mortality ratio (national estimate, per 100,000 live births)","SH.STA.MMRT.NE","","","","","","","","","","","","","","","","","","","","","","","","","","","","","","","","","","","","","","","","","","","","","","","","","","","","","","","","","","","","","","","","","",
"Estonia","EST","Maternal mortality ratio (national estimate, per 100,000 live births)","SH.STA.MMRT.NE","","","","","","","","","","","","","","","","","","","","","","","","","","","","","","","","","","","","","","","","","","","","","","","","","","","","","","","","","","","","","","","","","",
"Ethiopia","ETH","Maternal mortality ratio (national estimate, per 100,000 live births)","SH.STA.MMRT.NE","","","","","","","","","","","","","","","","","","","","","","","","","","","","","","","","","","","","","","","","","","","","","","","","","","","","","","","","","","","","","","","","","",
"European Union","EUU","Maternal mortality ratio (national estimate, per 100,000 live births)","SH.STA.MMRT.NE","","","","","","","","","","","","","","","","","","","","","","","","","","","","","","","","","","","","","","","","","","","","","","","","","","","","","","","","","","","","","","","","","",
"Fragile and conflict affected situations","FCS","Maternal mortality ratio (national estimate, per 100,000 live births)","SH.STA.MMRT.NE","","","","","","","","","","","","","","","","","","","","","","","","","","","","","","","","","","","","","","","","","","","","","","","","","","","","","","","","","","","","","","","","","",
"Finland","FIN","Maternal mortality ratio (national estimate, per 100,000 live births)","SH.STA.MMRT.NE","","","","","","","","","","","","","","","","","","","","","","","","","","","","","","","","","","","","","","","","","","","","","","","","","","","","","","","","","","","","","","","","","",
"Fiji","FJI","Maternal mortality ratio (national estimate, per 100,000 live births)","SH.STA.MMRT.NE","","","","","","","","","","","","","","","","","","","","","","","","","","","","","","","","","","","","","","","","","57.6","40.6","35.3","44.7","62.1","50.5","43.5","31.1","37","26.5","22.6","39.2","59.5","","","","","","","","","","","","",
"France","FRA","Maternal mortality ratio (national estimate, per 100,000 live births)","SH.STA.MMRT.NE","","","","","","","","","","","","","","","","","","","","","","","","","","","","","","","","","","","","","","","","","","","","","","","","","","","","","","","","","","","","","","","","","",
"Faroe Islands","FRO","Maternal mortality ratio (national estimate, per 100,000 live births)","SH.STA.MMRT.NE","","","","","","","","","","","","","","","","","","","","","","","","","","","","","","","","","","","","","","","","","","","","","","","","","","","","","","","","","","","","","","","","","",
"Micronesia, Fed. Sts.","FSM","Maternal mortality ratio (national estimate, per 100,000 live births)","SH.STA.MMRT.NE","","","","","","","","","","","","","","","","","","","","","","","","","","","","","","","","","","","","","","","","","","","","","","","","","","","","","","","","","","","","","","","","","",
"Gabon","GAB","Maternal mortality ratio (national estimate, per 100,000 live births)","SH.STA.MMRT.NE","","","","","","","","","","","","","","","","","","","","","","","","","","","","","","","","","","","","","","","","","","","","","","","","","","","","","","","","","","","","399","","","","","",
"United Kingdom","GBR","Maternal mortality ratio (national estimate, per 100,000 live births)","SH.STA.MMRT.NE","","","","","","","","","","","","","","","","","","","","","","","","","","","","","","","","","","","","","","","","","","","","","","","","","","","","","","","","","","","","","","","","","",
"Georgia","GEO","Maternal mortality ratio (national estimate, per 100,000 live births)","SH.STA.MMRT.NE","","","","","","","","","","","","","","","","","","","","","","","","","","","","","","","","","","","","","","","","","","","","","","","","","","","","","","","","","","","","","","","","","",
"Ghana","GHA","Maternal mortality ratio (national estimate, per 100,000 live births)","SH.STA.MMRT.NE","","","","","","","","","","","","","","","","","","","","","","","","","","","","","","","","","","","","","","","","","","","","","","","","","","","","","","","","","","","","","","","","","",
"Gibraltar","GIB","Maternal mortality ratio (national estimate, per 100,000 live births)","SH.STA.MMRT.NE","","","","","","","","","","","","","","","","","","","","","","","","","","","","","","","","","","","","","","","","","","","","","","","","","","","","","","","","","","","","","","","","","",
"Guinea","GIN","Maternal mortality ratio (national estimate, per 100,000 live births)","SH.STA.MMRT.NE","","","","","","","","","","","","","","","","","","","","","","","","","","","","","","","","","","","","","","","","","","","","","","","","","","","","","","","","","","","","","","","","","",
"Gambia, The","GMB","Maternal mortality ratio (national estimate, per 100,000 live births)","SH.STA.MMRT.NE","","","","","","","","","","","","","","","","","","","","","","","","","","","","","","","","","","","","","","","","","","","","","","","","","","","","","","","","","","","","289","","","","","",
"Guinea-Bissau","GNB","Maternal mortality ratio (national estimate, per 100,000 live births)","SH.STA.MMRT.NE","","","","","","","","","","","","","","","","","","","","","","","","","","","","","","","","","","","","","","","","","","","","","","","","","","","","","","","","","","","","","","","","","",
"Equatorial Guinea","GNQ","Maternal mortality ratio (national estimate, per 100,000 live births)","SH.STA.MMRT.NE","","","","","","","","","","","","","","","","","","","","","","","","","","","","","","","","","","","","","","","","","","","","","","","","","","","","","","","","","","","","","","","","","",
"Greece","GRC","Maternal mortality ratio (national estimate, per 100,000 live births)","SH.STA.MMRT.NE","","","","","","","","","","","","","","","","","","","","","","","","","","","","","","","","","","","","","","","","","","","","","","","","","","","","","","","","","","","","","","","","","",
"Grenada","GRD","Maternal mortality ratio (national estimate, per 100,000 live births)","SH.STA.MMRT.NE","","","","","","","","","","","","","","","","","","","","","","","","","","","","","","","","","","","","","","","","","0","0","0","","","","","0","","0","0","0","60.3","54.4","57.1","0","192","72","131.5","63.6","64.97","125.7","203.7","208.2","",
"Greenland","GRL","Maternal mortality ratio (national estimate, per 100,000 live births)","SH.STA.MMRT.NE","","","","","","","","","","","","","","","","","","","","","","","","","","","","","","","","","","","","","","","","","","","","","","","","","","","","","","","","","","","","","","","","","",
"Guatemala","GTM","Maternal mortality ratio (national estimate, per 100,000 live births)","SH.STA.MMRT.NE","","","","","","","","","","","","","","","","","","","","","","","","","","","","","105","","","","","190","","","","","","","153","","","","","","","139","","","","","116","113","108","108","113.8","110","113","105","99","122","91","84","",
"Guam","GUM","Maternal mortality ratio (national estimate, per 100,000 live births)","SH.STA.MMRT.NE","","","","","","","","","","","","","","","","","","","","","","","","","","","","","","","","","","","","","","","","","","","","","","","","","","","","","","","","","","","","","","","","","",
"Guyana","GUY","Maternal mortality ratio (national estimate, per 100,000 live births)","SH.STA.MMRT.NE","","","","","","","","","","","","","","","","","","","","","","","","","","","","","","","","","","","","","","159.9","105.9","231","133","92","117","124","116","148","135","106","111.4","99.3","174.3","134.6","122.5","130.4","121.7","106.4","77.3","91","128.6","174.9","79","139","160","","",
"High income","HIC","Maternal mortality ratio (national estimate, per 100,000 live births)","SH.STA.MMRT.NE","","","","","","","","","","","","","","","","","","","","","","","","","","","","","","","","","","","","","","","","","","","","","","","","","","","","","","","","","","","","","","","","","",
"Hong Kong SAR, China","HKG","Maternal mortality ratio (national estimate, per 100,000 live births)","SH.STA.MMRT.NE","","","","","","","","","","","","","","","","","","","","","","","","","","","","","","","","","","","","","","","","","","","","","","","","","","","","","","","","","","","","","","","","","",
"Honduras","HND","Maternal mortality ratio (national estimate, per 100,000 live births)","SH.STA.MMRT.NE","","","","","","","","","","","","","","","","","","","","","","","","","","","","","","","","","","","","","","108","","","","","","","","","","","","","72.8","79","74.1","86","69.9","60","77","56","78","53","61","125","48","65","",
"Heavily indebted poor countries (HIPC)","HPC","Maternal mortality ratio (national estimate, per 100,000 live births)","SH.STA.MMRT.NE","","","","","","","","","","","","","","","","","","","","","","","","","","","","","","","","","","","","","","","","","","","","","","","","","","","","","","","","","","","","","","","","","",
"Croatia","HRV","Maternal mortality ratio (national estimate, per 100,000 live births)","SH.STA.MMRT.NE","","","","","","","","","","","","","","","","","","","","","","","","","","","","","","","","","","","","","","","","","","","","","","","","","","","","","","","","","","","","","","","","","",
"Haiti","HTI","Maternal mortality ratio (national estimate, per 100,000 live births)","SH.STA.MMRT.NE","","","","","","","","","","","","","","","","","","","","","","","","","","","","","","","","","","","","","","","","","523","","","","","","630","","","","","","","","","","529","529","","","","","","","",
"Hungary","HUN","Maternal mortality ratio (national estimate, per 100,000 live births)","SH.STA.MMRT.NE","","","","","","","","","","","","","","","","","","","","","","","","","","","","","","","","","","","","","","","","","","","","","","","","","","","","","","","","","","","","","","","","","",
"IBRD only","IBD","Maternal mortality ratio (national estimate, per 100,000 live births)","SH.STA.MMRT.NE","","","","","","","","","","","","","","","","","","","","","","","","","","","","","","","","","","","","","","","","","","","","","","","","","","","","","","","","","","","","","","","","","",
"IDA & IBRD total","IBT","Maternal mortality ratio (national estimate, per 100,000 live births)","SH.STA.MMRT.NE","","","","","","","","","","","","","","","","","","","","","","","","","","","","","","","","","","","","","","","","","","","","","","","","","","","","","","","","","","","","","","","","","",
"IDA total","IDA","Maternal mortality ratio (national estimate, per 100,000 live births)","SH.STA.MMRT.NE","","","","","","","","","","","","","","","","","","","","","","","","","","","","","","","","","","","","","","","","","","","","","","","","","","","","","","","","","","","","","","","","","",
"IDA blend","IDB","Maternal mortality ratio (national estimate, per 100,000 live births)","SH.STA.MMRT.NE","","","","","","","","","","","","","","","","","","","","","","","","","","","","","","","","","","","","","","","","","","","","","","","","","","","","","","","","","","","","","","","","","",
"Indonesia","IDN","Maternal mortality ratio (national estimate, per 100,000 live births)","SH.STA.MMRT.NE","","","","","","","","","","","","","","","","","","","","","","","","","","","","","","","","","","","","","","","","","","","","","","","","","","","","","","","","","","","","","","","","","",
"IDA only","IDX","Maternal mortality ratio (national estimate, per 100,000 live births)","SH.STA.MMRT.NE","","","","","","","","","","","","","","","","","","","","","","","","","","","","","","","","","","","","","","","","","","","","","","","","","","","","","","","","","","","","","","","","","",
"Isle of Man","IMN","Maternal mortality ratio (national estimate, per 100,000 live births)","SH.STA.MMRT.NE","","","","","","","","","","","","","","","","","","","","","","","","","","","","","","","","","","","","","","","","","","","","","","","","","","","","","","","","","","","","","","","","","",
"India","IND","Maternal mortality ratio (national estimate, per 100,000 live births)","SH.STA.MMRT.NE","","","","","","","","","","","","","","","","","","","","","","","","","","","","","","","","","437","","","","","","398","540","327","","301","","","254","","","212","","","178","167","","","130","","","","","","","","","",
"Not classified","INX","Maternal mortality ratio (national estimate, per 100,000 live births)","SH.STA.MMRT.NE","","","","","","","","","","","","","","","","","","","","","","","","","","","","","","","","","","","","","","","","","","","","","","","","","","","","","","","","","","","","","","","","","",
"Ireland","IRL","Maternal mortality ratio (national estimate, per 100,000 live births)","SH.STA.MMRT.NE","","","","","","","","","","","","","","","","","","","","","","","","","","","","","","","","","","","","","","","","","","","","","","","","","","","","","","","","","","","","","","","","","",
"Iran, Islamic Rep.","IRN","Maternal mortality ratio (national estimate, per 100,000 live births)","SH.STA.MMRT.NE","","","","","","","","","","","","","","","","","","","","","","","","","","","","","","","","","","","","","","","","","","","27.4","28.3","24.1","23.8","21.7","24.7","20.9","25.4","22.1","21.5","19.9","19.7","","","","","","","","","","","",
"Iraq","IRQ","Maternal mortality ratio (national estimate, per 100,000 live births)","SH.STA.MMRT.NE","","","","","","","","","","","","","","","","","","","","","","","","","","","","","","","","","","","291","","","","","","","","","","","","","","","","","","35","","","","","","","","","","","29.6","",
"Iceland","ISL","Maternal mortality ratio (national estimate, per 100,000 live births)","SH.STA.MMRT.NE","","","","","","","","","","","","","","","","","","","","","","","","","","","","","","","","","","","","","","5.4941029961175","","","","","","","","","","","","","","","","","","","","","","","","","","","",
"Israel","ISR","Maternal mortality ratio (national estimate, per 100,000 live births)","SH.STA.MMRT.NE","","","","","","","","","","","","","","","","","","","","","","","","","","","","","","","","","","","","","","","","","","","","","","","","","","","","","","","","","","","","","","","","","",
"Italy","ITA","Maternal mortality ratio (national estimate, per 100,000 live births)","SH.STA.MMRT.NE","","","","","","","","","","","","","","","","","","","","","","","","","","","","","","","","","","","","","","","","","","","","","","","","","","","","","","","","","","","","","","","","","",
"Jamaica","JAM","Maternal mortality ratio (national estimate, per 100,000 live births)","SH.STA.MMRT.NE","","","","","","","","","","","","","","","","","","","","","","","","","","","","","","","","","","","","","","","","","91.3540194031769","","95","","","","92.5504652799652","","","73.2","113.1","95.8","101.34290314514","106.5","113.5","87.1","110.6","61.0004066693778","96.4658423221959","117.606563019907","117.851565952683","108.675964499185","161","136.9","",
"Jordan","JOR","Maternal mortality ratio (national estimate, per 100,000 live births)","SH.STA.MMRT.NE","","","","","","","","","","","","","","","","","","","","","","","","","","","","","","","","","","","","","","","","","","","","","","","","","","","","","","","","","","","","","","","","","",
"Japan","JPN","Maternal mortality ratio (national estimate, per 100,000 live births)","SH.STA.MMRT.NE","","","","","","","","","","","","","","","","","","","","","","","","","","","","","","","","9.45654082203654","","","","","","","","","","","","","","","","","","","","","","","","","","","","","","","","","",
"Kazakhstan","KAZ","Maternal mortality ratio (national estimate, per 100,000 live births)","SH.STA.MMRT.NE","","","","","","","","","","","","","","","","","","","","","","","","","","","","","","","","","","","","","","","","","","","","","","","","","","","","","","","","","","","","","","","","","",
"Kenya","KEN","Maternal mortality ratio (national estimate, per 100,000 live births)","SH.STA.MMRT.NE","","","","","","","","","","","","","","","","","","","","","","","","","","","","","","","","","","","","","","","","","","","","","","","","","","","","","","","","","","","","","","","","","",
"Kyrgyz Republic","KGZ","Maternal mortality ratio (national estimate, per 100,000 live births)","SH.STA.MMRT.NE","","","","","","","","","","","","","","","","","","","","","","","","","","","","","","","","","","","","","","","","","","","","","","","","","","","","","","","","","","","","","","","","","",
"Cambodia","KHM","Maternal mortality ratio (national estimate, per 100,000 live births)","SH.STA.MMRT.NE","","","","","","","","","","","","","","","","","","","","","","","","","","","","","","","","","","","","","","","","","","","","","","","","","","","","","","","","","","","","","","154","","","",
"Kiribati","KIR","Maternal mortality ratio (national estimate, per 100,000 live births)","SH.STA.MMRT.NE","","","","","","","","","","","","","","","","","","","","","","","","","","","","","","","","","","","","","","","","","","","","","","","","","","","","","","","","","","","","","","","","","",
"St. Kitts and Nevis","KNA","Maternal mortality ratio (national estimate, per 100,000 live births)","SH.STA.MMRT.NE","","","","","","","","","","","","","","","","","","","","","","","","","","","","","","","","","","","","","","","","","0","0","0","0","0","0","151.1","0","141","0","152.4","150.2","314","0","155.5","158.2","147.9","154.3","337.8","168.4","316.5","0","200","207.9","",
"Korea, Rep.","KOR","Maternal mortality ratio (national estimate, per 100,000 live births)","SH.STA.MMRT.NE","","","","","","","","","","","","","","","","","","","","","","","","","","","","","","","","","","","","","","","","","","","","","","","","","","","","","","","11.0234592993214","","","","","","","","","","",
"Kuwait","KWT","Maternal mortality ratio (national estimate, per 100,000 live births)","SH.STA.MMRT.NE","","","","","","","","","","","","","","","","","","","","","","","","","","","","","","","","","","","","","","","","","","","","","","","","","","","","","","","","","","","","","","","","","",
"Latin America & Caribbean (excluding high income)","LAC","Maternal mortality ratio (national estimate, per 100,000 live births)","SH.STA.MMRT.NE","","","","","","","","","","","","","","","","","","","","","","","","","","","","","","","","","","","","","","","","","","","","","","","","","","","","","","","","","","","","","","","","","",
"Lao PDR","LAO","Maternal mortality ratio (national estimate, per 100,000 live births)","SH.STA.MMRT.NE","","","","","","","","","","","","","","","","","","","","","","","","","","","","","","","","","","","","","","","","","","","","","","","","","","","","","","","","","","","","","","","","","",
"Lebanon","LBN","Maternal mortality ratio (national estimate, per 100,000 live births)","SH.STA.MMRT.NE","","","","","","","","","","","","","","","","","","","","","","","","","","","","","","","","","","","","","","","","","","","","","","","","","","","","","","","","","20","16.8543383869596","13.3707714935152","13.7","16.9","46.8","18.5","","",
"Liberia","LBR","Maternal mortality ratio (national estimate, per 100,000 live births)","SH.STA.MMRT.NE","","","","","","","","","","","","","","","","","","","","","","","","","","","","","","","","","","","","","","","","","","","","","","","","","","","","","","","","","","","","742","","","","","",
"Libya","LBY","Maternal mortality ratio (national estimate, per 100,000 live births)","SH.STA.MMRT.NE","","","","","","","","","","","","","","","","","","","","","","","","","","","","","","","","","","","","","","","","","","","","","","","","","","","","","","","","","","","","","","","","","",
"St. Lucia","LCA","Maternal mortality ratio (national estimate, per 100,000 live births)","SH.STA.MMRT.NE","","","","","","","","","","","","","","","","","","","","","","","","","","","","","","","","","","","","","","","","","","","","","","","47.1","90.7","223.7","0","159.4","49.8","49.2","47.6","98","96.9","0","53.6","52.6","52.5","54.6","52.1","","","",
"Latin America & Caribbean","LCN","Maternal mortality ratio (national estimate, per 100,000 live births)","SH.STA.MMRT.NE","","","","","","","","","","","","","","","","","","","","","","","","","","","","","","","","","","","","","","","","","","","","","","","","","","","","","","","","","","","","","","","","","",
"Least developed countries: UN classification","LDC","Maternal mortality ratio (national estimate, per 100,000 live births)","SH.STA.MMRT.NE","","","","","","","","","","","","","","","","","","","","","","","","","","","","","","","","","","","","","","","","","","","","","","","","","","","","","","","","","","","","","","","","","",
"Low income","LIC","Maternal mortality ratio (national estimate, per 100,000 live births)","SH.STA.MMRT.NE","","","","","","","","","","","","","","","","","","","","","","","","","","","","","","","","","","","","","","","","","","","","","","","","","","","","","","","","","","","","","","","","","",
"Liechtenstein","LIE","Maternal mortality ratio (national estimate, per 100,000 live births)","SH.STA.MMRT.NE","","","","","","","","","","","","","","","","","","","","","","","","","","","","","","","","","","","","","","","","","","","","","","","","","","","","","","","","","","","","","","","","","",
"Sri Lanka","LKA","Maternal mortality ratio (national estimate, per 100,000 live births)","SH.STA.MMRT.NE","","","","","","","","","","","","","","","","","","","","","","","","","","","","","","","","","","","","61","62","63","53","55.8","55.6","46.6","53.4","42.4","38","44","39.3","38.4","33.4","40.2","31.1","32.5","37.7","32.5","32","33.7","33.8","39","32","29.2","30.2","47.04","33","","",
"Lower middle income","LMC","Maternal mortality ratio (national estimate, per 100,000 live births)","SH.STA.MMRT.NE","","","","","","","","","","","","","","","","","","","","","","","","","","","","","","","","","","","","","","","","","","","","","","","","","","","","","","","","","","","","","","","","","",
"Low & middle income","LMY","Maternal mortality ratio (national estimate, per 100,000 live births)","SH.STA.MMRT.NE","","","","","","","","","","","","","","","","","","","","","","","","","","","","","","","","","","","","","","","","","","","","","","","","","","","","","","","","","","","","","","","","","",
"Lesotho","LSO","Maternal mortality ratio (national estimate, per 100,000 live births)","SH.STA.MMRT.NE","","","","","","","","","","","","","","","","","","","","","","","","","","","","","","","","","","","","","","","","","","","","","","939","","","","","","","","","","","","","","","","","","530","",
"Late-demographic dividend","LTE","Maternal mortality ratio (national estimate, per 100,000 live births)","SH.STA.MMRT.NE","","","","","","","","","","","","","","","","","","","","","","","","","","","","","","","","","","","","","","","","","","","","","","","","","","","","","","","","","","","","","","","","","",
"Lithuania","LTU","Maternal mortality ratio (national estimate, per 100,000 live births)","SH.STA.MMRT.NE","","","","","","","","","","","","","","","","","","","","","","","","","","","","","","","","","","","","","","","","","","","","","","","","","","","","","","","","","","","","","","","","","",
"Luxembourg","LUX","Maternal mortality ratio (national estimate, per 100,000 live births)","SH.STA.MMRT.NE","","","","","","","","","","","","","","","","","","","","","","","","","","","","","","","","","","","","","","","","","","","","","","","","","","","","","","","","","","","","","","","","","",
"Latvia","LVA","Maternal mortality ratio (national estimate, per 100,000 live births)","SH.STA.MMRT.NE","","","","","","","","","","","","","","","","","","","","","","","","","","","","","","","","","","","","","","","","","","","","","","","","","","","","","","","","","","","","","","","","","",
"Macao SAR, China","MAC","Maternal mortality ratio (national estimate, per 100,000 live births)","SH.STA.MMRT.NE","","","","","","","","","","","","","","","","","","","","","","","","","","","","","","","","","","","","","","","","","","","","","","","","","","","","","","","","","","","","","","","","","",
"St. Martin (French part)","MAF","Maternal mortality ratio (national estimate, per 100,000 live births)","SH.STA.MMRT.NE","","","","","","","","","","","","","","","","","","","","","","","","","","","","","","","","","","","","","","","","","","","","","","","","","","","","","","","","","","","","","","","","","",
"Morocco","MAR","Maternal mortality ratio (national estimate, per 100,000 live births)","SH.STA.MMRT.NE","","","","","","","","","","","","","","","","","","","","","","","","","","","","","","","","","","","228","","","","","","","","","","","","","","","112","","","","","","","","","","","","","","","",
"Monaco","MCO","Maternal mortality ratio (national estimate, per 100,000 live births)","SH.STA.MMRT.NE","","","","","","","","","","","","","","","","","","","","","","","","","","","","","","","","","","","","","","","","","","","","","","","","","","","","","","","","","","","","","","","","","",
"Moldova","MDA","Maternal mortality ratio (national estimate, per 100,000 live births)","SH.STA.MMRT.NE","","","","","","","","","","","","","","","","","","","","","","","","","","","","","","","","","","","","","","","","","","","","","","","","","","","","","","","","","","","","","","","","","",
"Madagascar","MDG","Maternal mortality ratio (national estimate, per 100,000 live births)","SH.STA.MMRT.NE","","","","","","","","","","","","","","","","","","","","","","","","","","","","","","","","","","","","","","","","","","","","","","","","","","","","","","","","","","","","","","","","","",
"Maldives","MDV","Maternal mortality ratio (national estimate, per 100,000 live births)","SH.STA.MMRT.NE","","","","","","","","","","","","","","","","","","","","","","","","","","","","","","","","","","","","","","","","","","","","","","","","","","","","","","","","","","","","","","","","","",
"Middle East, North Africa, Afghanistan & Pakistan","MEA","Maternal mortality ratio (national estimate, per 100,000 live births)","SH.STA.MMRT.NE","","","","","","","","","","","","","","","","","","","","","","","","","","","","","","","","","","","","","","","","","","","","","","","","","","","","","","","","","","","","","","","","","",
"Mexico","MEX","Maternal mortality ratio (national estimate, per 100,000 live births)","SH.STA.MMRT.NE","","","","","","","","","","","","","","","","","","","","","","","","","","","","","","","","","","","","78.77","78.39","76.35","76.35","77.31","71.31","66.54","54.58","55.37","52.62","52.91","49.6","46.45","47.19","50.9","42.09","42.75","42.07","38.08","38.91","35.21","37.77","35.56","35.22","35.56","55.23","59.19","38.21","","",
"Marshall Islands","MHL","Maternal mortality ratio (national estimate, per 100,000 live births)","SH.STA.MMRT.NE","","","","","","","","","","","","","","","","","","","","","","","","","","","","","","","","","","","","","","","","","","","","","","","","","","","","","","","","","","","","","","","","","",
"Middle income","MIC","Maternal mortality ratio (national estimate, per 100,000 live births)","SH.STA.MMRT.NE","","","","","","","","","","","","","","","","","","","","","","","","","","","","","","","","","","","","","","","","","","","","","","","","","","","","","","","","","","","","","","","","","",
"North Macedonia","MKD","Maternal mortality ratio (national estimate, per 100,000 live births)","SH.STA.MMRT.NE","","","","","","","","","","","","","","","","","","","","","","","","","","","","","","","","","","","","","","","","","","","","","","","","","","","","","","","","","","","","","","","","","",
"Mali","MLI","Maternal mortality ratio (national estimate, per 100,000 live births)","SH.STA.MMRT.NE","","","","","","","","","","","","","","","","","","","","","","","","","","","","","","","","","","","","","","","","","","","","","","","","","","","","","","","","","","","325","","","","","","",
"Malta","MLT","Maternal mortality ratio (national estimate, per 100,000 live births)","SH.STA.MMRT.NE","","","","","","","","","","","","","","","","","","","","","","","","","","","","","","","","","","","","","","","","","","","","","","","","","","","","","","","","","","","","","","","","","",
"Myanmar","MMR","Maternal mortality ratio (national estimate, per 100,000 live births)","SH.STA.MMRT.NE","","","","","","","","","","","","","","","","","","","","","","","","","","","","","","","","","","","","","","","","255","","","","","315.86","","","","","","","","","","","","","","","","","","","","",
"Middle East, North Africa, Afghanistan & Pakistan (excluding high income)","MNA","Maternal mortality ratio (national estimate, per 100,000 live births)","SH.STA.MMRT.NE","","","","","","","","","","","","","","","","","","","","","","","","","","","","","","","","","","","","","","","","","","","","","","","","","","","","","","","","","","","","","","","","","",
"Montenegro","MNE","Maternal mortality ratio (national estimate, per 100,000 live births)","SH.STA.MMRT.NE","","","","","","","","","","","","","","","","","","","","","","","","","","","","","","","","","","","","","","","","","","","","","","","","","","","","","","","","","","","","","","","","","",
"Mongolia","MNG","Maternal mortality ratio (national estimate, per 100,000 live births)","SH.STA.MMRT.NE","","","","","","","","","","","","","","","","","","","","","","","","","","","","","","","","","203.9","259","219","186","173.7","143.5","162.4","182","166.2","165","121.5","107.2","96.7","92.7","67.2","88.3","48.6","81","47.4","48.7","51.5","42.6","30.2","","","","","","","","","","",
"Northern Mariana Islands","MNP","Maternal mortality ratio (national estimate, per 100,000 live births)","SH.STA.MMRT.NE","","","","","","","","","","","","","","","","","","","","","","","","","","","","","","","","","","","","","","","","","","","","","","","","","","","","","","","","","","","","","","","","","",
"Mozambique","MOZ","Maternal mortality ratio (national estimate, per 100,000 live births)","SH.STA.MMRT.NE","","","","","","","","","","","","","","","","","","","","","","","","","","","","","","","","","","","","","","","","","","","","","","","","","","","","","","","","","","","","","","","233","","",
"Mauritania","MRT","Maternal mortality ratio (national estimate, per 100,000 live births)","SH.STA.MMRT.NE","","","","","","","","","","","","","","","","","","","","","","","","","","","","","","","","","","","","","","","","","","","","","","","","","","","","","","","","","","","","","424","","","","",
"Mauritius","MUS","Maternal mortality ratio (national estimate, per 100,000 live births)","SH.STA.MMRT.NE","","","","","","","","","","","","","","","","","","","","","","","","","","","","","","","","","","","","","","","","","","","","","","","","","","","","","","","","","","","","","","","","","",
"Malawi","MWI","Maternal mortality ratio (national estimate, per 100,000 live births)","SH.STA.MMRT.NE","","","","","","","","","","","","","","","","","","","","","","","","","","","","","","","","","","","","","","","","","","","","","","","","","","","","","","","","439","","","","","","","","","",
"Malaysia","MYS","Maternal mortality ratio (national estimate, per 100,000 live births)","SH.STA.MMRT.NE","","","","","","","","","","","","","","","","","","","","","","","","","","","","","","","","","","","","","","","","","","","","","","","","","","","","","","","","","","","","","","","","","",
"North America","NAC","Maternal mortality ratio (national estimate, per 100,000 live births)","SH.STA.MMRT.NE","","","","","","","","","","","","","","","","","","","","","","","","","","","","","","","","","","","","","","","","","","","","","","","","","","","","","","","","","","","","","","","","","",
"Namibia","NAM","Maternal mortality ratio (national estimate, per 100,000 live births)","SH.STA.MMRT.NE","","","","","","","","","","","","","","","","","","","","","","","","","","","","","","","","","","","","","","","","","","","","","","","","","","","","","","","","","","","","","81.1","","","","",
"New Caledonia","NCL","Maternal mortality ratio (national estimate, per 100,000 live births)","SH.STA.MMRT.NE","","","","","","","","","","","","","","","","","","","","","","","","","","","","","","","","","","","","","","","","","","","","","","","","","","","","","","","","","","","","","","","","","",
"Niger","NER","Maternal mortality ratio (national estimate, per 100,000 live births)","SH.STA.MMRT.NE","","","","","","","","","","","","","","","","","","","","","","","","","","","","","","","","","","","","","","","","","","","","","","","","","","","","","","","","","","","","","","","","","",
"Nigeria","NGA","Maternal mortality ratio (national estimate, per 100,000 live births)","SH.STA.MMRT.NE","","","","","","","","","","","","","","","","","","","","","","","","","","","","","","","","","","","","","","","","","","","","","","","","","","","","","","","","","","","512","","","","","","",
"Nicaragua","NIC","Maternal mortality ratio (national estimate, per 100,000 live births)","SH.STA.MMRT.NE","","","","","","","","","","","","","","","","","","","","","","","","","","","","","","","","","","","","","","","","","","87","89.4","72","87.3","86.5","90.4","76.5","","","","","49.7","49.7","37","42.2","37.3","34.4","34.5","31.1","37.5","31.1","31.2","","",
"Netherlands","NLD","Maternal mortality ratio (national estimate, per 100,000 live births)","SH.STA.MMRT.NE","","","","","","","","","","","","","","","","","","","","","","","","","","","","","","","","","","","","","","","","","","","","","","","","","","","","","","","","","","","","","","","","","",
"Norway","NOR","Maternal mortality ratio (national estimate, per 100,000 live births)","SH.STA.MMRT.NE","","","","","","","","","","","","","","","","","","","","","","","","","","","","","","","","","","","","","","","","","","","","","","","","","","","","","","","","","","","","","","","","","",
"Nepal","NPL","Maternal mortality ratio (national estimate, per 100,000 live births)","SH.STA.MMRT.NE","","","","","","","","","","","","","","","","","","","","","","","","","","","","","","","","","","","","","","","","","","","","","","","","","229","","","","","","","","239","","","","","","","","",
"Nauru","NRU","Maternal mortality ratio (national estimate, per 100,000 live births)","SH.STA.MMRT.NE","","","","","","","","","","","","","","","","","","","","","","","","","","","","","","","","","","","","","","","","","","","","","","","","","","","","","","","","","","","","","","","","","",
"New Zealand","NZL","Maternal mortality ratio (national estimate, per 100,000 live births)","SH.STA.MMRT.NE","","","","","","","","","","","","","","","","","","","","","","","","","","","","","","","","","","","","","","","","","","","","","","","","","","","","","","","","","","","","","","","","","",
"OECD members","OED","Maternal mortality ratio (national estimate, per 100,000 live births)","SH.STA.MMRT.NE","","","","","","","","","","","","","","","","","","","","","","","","","","","","","","","","","","","","","","","","","","","","","","","","","","","","","","","","","","","","","","","","","",
"Oman","OMN","Maternal mortality ratio (national estimate, per 100,000 live births)","SH.STA.MMRT.NE","","","","","","","","","","","","","","","","","","","","","","","","","","","","","","","","27.4","15.9","6","24.4","22","21","13.3","18.5","13.7","16.1","23.1","37.5","23.2","18.5","15.4","12.1","20.9","15.4","15.4","24.4","16.2","16.5","11.3","19.3","18.5","12.5","21","15.2","","","","","","",
"Other small states","OSS","Maternal mortality ratio (national estimate, per 100,000 live births)","SH.STA.MMRT.NE","","","","","","","","","","","","","","","","","","","","","","","","","","","","","","","","","","","","","","","","","","","","","","","","","","","","","","","","","","","","","","","","","",
"Pakistan","PAK","Maternal mortality ratio (national estimate, per 100,000 live births)","SH.STA.MMRT.NE","","","","","","","","","","","","","","","","","","","","","","","","","","","","","","","","","","","","","","","","","","","","","","","","","","","","","","","","","","","","","","","","","",
"Panama","PAN","Maternal mortality ratio (national estimate, per 100,000 live births)","SH.STA.MMRT.NE","","","","","","","","","","","","","","","","","","","","","","","","","","","","","","","","","","","","83.9","69.3","61.7","65.8","60.7","61.7","76.7","71.3","68","43","66","83.6","59.4","59.6","42.4","60.3","80.5","64.9","55.6","58.5","52.7","49.2","35.4","45.5","40","81.5","63.2","59.45","","",
"Peru","PER","Maternal mortality ratio (national estimate, per 100,000 live births)","SH.STA.MMRT.NE","","","","","","","","","","","","","","","","","","","","","","","","","","","","","","","","","","","","","","185","","","","","118.3","123.8","120.8","114.1","114.9","110.5","107.9","96.1","95.9","92.7","","80.6","83.5","78.3","63","68","65","55.9","80.9","87.4","","","",
"Philippines","PHL","Maternal mortality ratio (national estimate, per 100,000 live births)","SH.STA.MMRT.NE","","","","","","","","","","","","","","","","","","","","","","","","","","","","","","","","","","","172","","","","","","","","","","","","","","221","","","","","","","","","","","","","","","","",
"Palau","PLW","Maternal mortality ratio (national estimate, per 100,000 live births)","SH.STA.MMRT.NE","","","","","","","","","","","","","","","","","","","","","","","","","","","","","","","","","","","","","","","","","","","","","","","","","","","","","","","","","","","","","","","","","",
"Papua New Guinea","PNG","Maternal mortality ratio (national estimate, per 100,000 live births)","SH.STA.MMRT.NE","","","","","","","","","","","","","","","","","","","","","","","","","","","","","","","","","","","","","","","","","","","","","","","","","","","","","","","","","","171","","","","","","","",
"Poland","POL","Maternal mortality ratio (national estimate, per 100,000 live births)","SH.STA.MMRT.NE","","","","","","","","","","","","","","","","","","","","","","","","","","","","","","","","","","","","","","","","","","","","","","","","","","","","","","","","","","","","","","","","","",
"Pre-demographic dividend","PRE","Maternal mortality ratio (national estimate, per 100,000 live births)","SH.STA.MMRT.NE","","","","","","","","","","","","","","","","","","","","","","","","","","","","","","","","","","","","","","","","","","","","","","","","","","","","","","","","","","","","","","","","","",
"Puerto Rico (US)","PRI","Maternal mortality ratio (national estimate, per 100,000 live births)","SH.STA.MMRT.NE","","","","","","","","","","","","","","","","","","","","","","","","","","","","","","","","","","","","14.2","17","15.6","6.6","18.4","30.3","12.5","11.3","15.7","27.3","11.8","8.2","25.7","10.9","22.3","14.2","12.2","2.6","5.5","8.7","28.8","17.7","28.7","28","34.4","15.8","36.3","31.4","","",
"Korea, Dem. People's Rep.","PRK","Maternal mortality ratio (national estimate, per 100,000 live births)","SH.STA.MMRT.NE","","","","","","","","","","","","","","","","","","","","","","","","","","","","","","","","","","","","","","","","","","","","","","","","","","","","","","","","","","","","","","","","","",
"Portugal","PRT","Maternal mortality ratio (national estimate, per 100,000 live births)","SH.STA.MMRT.NE","","","","","","","","","","","","","","","","","","","","","","","","","","","","","","","","","","","","","","","","","","","","","8.2","2.7","4.7","","","","","","","","","","","","","","20.1","8.8","13.1","","",
"Paraguay","PRY","Maternal mortality ratio (national estimate, per 100,000 live births)","SH.STA.MMRT.NE","","","","","","","","","","","","","","","","","","","","","","","","","","","","","","","","","","","","130.7","123.3","101.8","110.9","114.4","164","159.7","182.1","174.1","153.5","128.5","121.4","127.3","117.4","125.3","100.8","88.8","84.9","96.3","63.9","81.8","86.4","67.3","70.8","67.6","78.9","160","90.5","84.6","",
"West Bank and Gaza","PSE","Maternal mortality ratio (national estimate, per 100,000 live births)","SH.STA.MMRT.NE","","","","","","","","","","","","","","","","","","","","","","","","","","","","","","","","","","","","","","","","","","","","","","","","","","","","","","","","","","","","19.1","","","","","",
"Pacific island small states","PSS","Maternal mortality ratio (national estimate, per 100,000 live births)","SH.STA.MMRT.NE","","","","","","","","","","","","","","","","","","","","","","","","","","","","","","","","","","","","","","","","","","","","","","","","","","","","","","","","","","","","","","","","","",
"Post-demographic dividend","PST","Maternal mortality ratio (national estimate, per 100,000 live births)","SH.STA.MMRT.NE","","","","","","","","","","","","","","","","","","","","","","","","","","","","","","","","","","","","","","","","","","","","","","","","","","","","","","","","","","","","","","","","","",
"French Polynesia","PYF","Maternal mortality ratio (national estimate, per 100,000 live births)","SH.STA.MMRT.NE","","","","","","","","","","","","","","","","","","","","","","","","","","","","","","","","","","","","","","","","","","","","","","","","","","","","","","","","","","","","","","","","","",
"Qatar","QAT","Maternal mortality ratio (national estimate, per 100,000 live births)","SH.STA.MMRT.NE","","","","","","","","","","","","","","","","","","","","","","","","","","","","","","","","","","","","","","","","","","","","","","","","","","","","","","","","","","","","","","","","","",
"Romania","ROU","Maternal mortality ratio (national estimate, per 100,000 live births)","SH.STA.MMRT.NE","","","","","","","","","","","","","","","","","","","","","","","","","","","","","","","","","","","","","","","","","","","","","","","","","","","","","","","","","","","","","","","","","",
"Russian Federation","RUS","Maternal mortality ratio (national estimate, per 100,000 live births)","SH.STA.MMRT.NE","","","","","","","","","","","","","","","","","","","","","","","","","","","","","","","","","","","","","","","","","","","","","","","","","","","","","","","","","","","","","","","","","",
"Rwanda","RWA","Maternal mortality ratio (national estimate, per 100,000 live births)","SH.STA.MMRT.NE","","","","","","","","","","","","","","","","","","","","","","","","","","","","","","","","","","","","","","","","","","","","","","","","","","","","","","","","","","","","249","","","","","",
"South Asia","SAS","Maternal mortality ratio (national estimate, per 100,000 live births)","SH.STA.MMRT.NE","","","","","","","","","","","","","","","","","","","","","","","","","","","","","","","","","","","","","","","","","","","","","","","","","","","","","","","","","","","","","","","","","",
"Saudi Arabia","SAU","Maternal mortality ratio (national estimate, per 100,000 live births)","SH.STA.MMRT.NE","","","","","","","","","","","","","","","","","","","","","","","","","","","","","","","","","","","","","","23","","","","","","","","","","","","","","","","","","","","","","","","","","","",
"Sudan","SDN","Maternal mortality ratio (national estimate, per 100,000 live births)","SH.STA.MMRT.NE","","","","","","","","","","","","","","","","","","","","","","","","","","","","","","","","","","","","","","","","","","","","","","638","","","","215.6","","","","","","","","","","","","","","","",
"Senegal","SEN","Maternal mortality ratio (national estimate, per 100,000 live births)","SH.STA.MMRT.NE","","","","","","","","","","","","","","","","","","","","","","","","","","","","","","","","","","","","","","","","","","","","","","","","","","","","","","","","","","236","","","","","","153","",
"Singapore","SGP","Maternal mortality ratio (national estimate, per 100,000 live births)","SH.STA.MMRT.NE","","","","","","","","","","","","","","","","","","","","","","","","","","","","","","","","","","","","","","","","","","","","","","","","","","","","","","","","","","","","","","","","","",
"Solomon Islands","SLB","Maternal mortality ratio (national estimate, per 100,000 live births)","SH.STA.MMRT.NE","","","","","","","","","","","","","","","","","","","","","","","","","","","","","","","","","","","","","","","","","","","","","","","","","","","","","","","","","","","","","","","","","",
"Sierra Leone","SLE","Maternal mortality ratio (national estimate, per 100,000 live births)","SH.STA.MMRT.NE","","","","","","","","","","","","","","","","","","","","","","","","","","","","","","","","","","","","","","","","","","","","","","","","","","","","","","","","","","","","510","","","","","",
"El Salvador","SLV","Maternal mortality ratio (national estimate, per 100,000 live births)","SH.STA.MMRT.NE","","","","","","","","","","","","","","","","","","","","","","","","","","","","","","","","","","","","","","173","","","","","","","","71.2","","56.93","51.09","64.5","83.7","","42","38","52.6","42.3","27.4","31.1","28.6","","45.1","62.9","34.5","26.8","",
"San Marino","SMR","Maternal mortality ratio (national estimate, per 100,000 live births)","SH.STA.MMRT.NE","","","","","","","","","","","","","","","","","","","","","","","","","","","","","","","","","","","","","","","","","","","","","","","","","","","","","","","","","","","","","","","","","",
"Somalia, Fed. Rep.","SOM","Maternal mortality ratio (national estimate, per 100,000 live births)","SH.STA.MMRT.NE","","","","","","","","","","","","","","","","","","","","","","","","","","","","","","","","","","","","","","","","","","","","","","","","","","","","","","","","","","","","","","","","","",
"Serbia","SRB","Maternal mortality ratio (national estimate, per 100,000 live births)","SH.STA.MMRT.NE","","","","","","","","","","","","","","","","","","","","","","","","","","","","","","","","","","","","","","","","","","","","","","","","","","","","","","","","","","","","","","","","","",
"Sub-Saharan Africa (excluding high income)","SSA","Maternal mortality ratio (national estimate, per 100,000 live births)","SH.STA.MMRT.NE","","","","","","","","","","","","","","","","","","","","","","","","","","","","","","","","","","","","","","","","","","","","","","","","","","","","","","","","","","","","","","","","","",
"South Sudan","SSD","Maternal mortality ratio (national estimate, per 100,000 live births)","SH.STA.MMRT.NE","","","","","","","","","","","","","","","","","","","","","","","","","","","","","","","","","","","","","","","","","","","","","","2037","","","","","","","","","","","","","","","","","","","",
"Sub-Saharan Africa","SSF","Maternal mortality ratio (national estimate, per 100,000 live births)","SH.STA.MMRT.NE","","","","","","","","","","","","","","","","","","","","","","","","","","","","","","","","","","","","","","","","","","","","","","","","","","","","","","","","","","","","","","","","","",
"Small states","SST","Maternal mortality ratio (national estimate, per 100,000 live births)","SH.STA.MMRT.NE","","","","","","","","","","","","","","","","","","","","","","","","","","","","","","","","","","","","","","","","","","","","","","","","","","","","","","","","","","","","","","","","","",
"Sao Tome and Principe","STP","Maternal mortality ratio (national estimate, per 100,000 live births)","SH.STA.MMRT.NE","","","","","","","","","","","","","","","","","","","","","","","","","","","","","","","","","","","","","","","","","","","","","","","","","","","","","","","","","","","","","","","","","",
"Suriname","SUR","Maternal mortality ratio (national estimate, per 100,000 live births)","SH.STA.MMRT.NE","","","","","","","","","","","","","","","","","","","","","","","","","","","","","","","","","","","","","","","","","","","","","","115.5","107.4","184.3","","123","","82.5","","129.8","153.7","70.3","111.4","109.72130787799","","89.1","79.82","288.37","","","",
"Slovak Republic","SVK","Maternal mortality ratio (national estimate, per 100,000 live births)","SH.STA.MMRT.NE","","","","","","","","","","","","","","","","","","","","","","","","","","","","","","","","","","","","","","","","","","","","","","","","","","","","","","","","","","","","","","","","","",
"Slovenia","SVN","Maternal mortality ratio (national estimate, per 100,000 live births)","SH.STA.MMRT.NE","","","","","","","","","","","","","","","","","","","","","","","","","","","","","","","","","","","","","","","","","","","","","","","","","","","","","","","","","","","","","","","","","",
"Sweden","SWE","Maternal mortality ratio (national estimate, per 100,000 live births)","SH.STA.MMRT.NE","","","","","","","","","","","","","","","","","","","","","","","","","","","","","","","","","","","","","","","","","","","","","","","","","","","","","","","","","","","","","","","","","",
"Eswatini","SWZ","Maternal mortality ratio (national estimate, per 100,000 live births)","SH.STA.MMRT.NE","","","","","","","","","","","","","","","","","","","","","","","","","","","","","","","","","","","","","","","","","","","","","","","","","","","","","","","","","","","","","","","","","",
"Sint Maarten (Dutch part)","SXM","Maternal mortality ratio (national estimate, per 100,000 live births)","SH.STA.MMRT.NE","","","","","","","","","","","","","","","","","","","","","","","","","","","","","","","","","","","","","","","","","","","","","","","","","","","","","","195.7","","","","0","237","","","","","","",
"Seychelles","SYC","Maternal mortality ratio (national estimate, per 100,000 live births)","SH.STA.MMRT.NE","","","","","","","","","","","","","","","","","","","","","","","","","","","","","","","","","","","","","","","","","","","","","","","","","","","","","","","","","","","","62.3052959501558","0","0","","","",
"Syrian Arab Republic","SYR","Maternal mortality ratio (national estimate, per 100,000 live births)","SH.STA.MMRT.NE","","","","","","","","","","","","","","","","","","","","","","","","","","","","","","","","","","","","","","","","","","","","","","","","","56","52","","","","","","","","","","","","","","","",
"Turks and Caicos Islands","TCA","Maternal mortality ratio (national estimate, per 100,000 live births)","SH.STA.MMRT.NE","","","","","","","","","","","","","","","","","","","","","","","","","","","","","","","","","","","","","","","","","0","","0","0","0","","","","0","","0","0","0","0","0","0","0","0","0","0","0","0","0","0","",
"Chad","TCD","Maternal mortality ratio (national estimate, per 100,000 live births)","SH.STA.MMRT.NE","","","","","","","","","","","","","","","","","","","","","","","","","","","","","","","","","","","","","","","","","","","","","","","","","","","","","","","","","","","","","","","","","",
"East Asia & Pacific (IDA & IBRD countries)","TEA","Maternal mortality ratio (national estimate, per 100,000 live births)","SH.STA.MMRT.NE","","","","","","","","","","","","","","","","","","","","","","","","","","","","","","","","","","","","","","","","","","","","","","","","","","","","","","","","","","","","","","","","","",
"Europe & Central Asia (IDA & IBRD countries)","TEC","Maternal mortality ratio (national estimate, per 100,000 live births)","SH.STA.MMRT.NE","","","","","","","","","","","","","","","","","","","","","","","","","","","","","","","","","","","","","","","","","","","","","","","","","","","","","","","","","","","","","","","","","",
"Togo","TGO","Maternal mortality ratio (national estimate, per 100,000 live births)","SH.STA.MMRT.NE","","","","","","","","","","","","","","","","","","","","","","","","","","","","","","","","","","","","","","","","","","","","","","","","","","","","","","","","","","","","","","","","","",
"Thailand","THA","Maternal mortality ratio (national estimate, per 100,000 live births)","SH.STA.MMRT.NE","","","","","","","","","","","","","","","","","","","","","","","","","","","","","","","","","","","","","44.1","36.5","36.4","","","","","","44.5","37.4","41.6","","","","","","","","","","","","","","","","","","",
"Tajikistan","TJK","Maternal mortality ratio (national estimate, per 100,000 live births)","SH.STA.MMRT.NE","","","","","","","","","","","","","","","","","","","","","","","","","","","","","","","","","","","","","","","","","","","","","","","","","","","","","","","","","","","","","","","","","",
"Turkmenistan","TKM","Maternal mortality ratio (national estimate, per 100,000 live births)","SH.STA.MMRT.NE","","","","","","","","","","","","","","","","","","","","","","","","","","","","","","","","","","","","","","","","","","","","","","","","","","","","","","","","","","","","","","","","","",
"Latin America & the Caribbean (IDA & IBRD countries)","TLA","Maternal mortality ratio (national estimate, per 100,000 live births)","SH.STA.MMRT.NE","","","","","","","","","","","","","","","","","","","","","","","","","","","","","","","","","","","","","","","","","","","","","","","","","","","","","","","","","","","","","","","","","",
"Timor-Leste","TLS","Maternal mortality ratio (national estimate, per 100,000 live births)","SH.STA.MMRT.NE","","","","","","","","","","","","","","","","","","","","","","","","","","","","","","","","","","","","","","","","","","","","","","","","","","","","","","","","","195","","","","","","","","",
"Middle East, North Africa, Afghanistan & Pakistan (IDA & IBRD)","TMN","Maternal mortality ratio (national estimate, per 100,000 live births)","SH.STA.MMRT.NE","","","","","","","","","","","","","","","","","","","","","","","","","","","","","","","","","","","","","","","","","","","","","","","","","","","","","","","","","","","","","","","","","",
"Tonga","TON","Maternal mortality ratio (national estimate, per 100,000 live births)","SH.STA.MMRT.NE","","","","","","","","","","","","","","","","","","","","","","","","","","","","","","","","","","","","","","","","","","","","","","","","","","","","","","","","","","","","","","","","","",
"South Asia (IDA & IBRD)","TSA","Maternal mortality ratio (national estimate, per 100,000 live births)","SH.STA.MMRT.NE","","","","","","","","","","","","","","","","","","","","","","","","","","","","","","","","","","","","","","","","","","","","","","","","","","","","","","","","","","","","","","","","","",
"Sub-Saharan Africa (IDA & IBRD countries)","TSS","Maternal mortality ratio (national estimate, per 100,000 live births)","SH.STA.MMRT.NE","","","","","","","","","","","","","","","","","","","","","","","","","","","","","","","","","","","","","","","","","","","","","","","","","","","","","","","","","","","","","","","","","",
"Trinidad and Tobago","TTO","Maternal mortality ratio (national estimate, per 100,000 live births)","SH.STA.MMRT.NE","","","","","","","","","","","","","","","","","","","","","","","","","","","","","","","","","","","","","38.9","70.4","44.7","","","","","","52.2","34.7544022242817","66.334991708126","31.764519032241","55.3097345132743","44.5707281742715","67.3644937299202","32.3223616872273","37.1037845860278","42.2989478136731","26.2136940337632","49.2853622474125","33.0724286186749","30.5101293629485","12.3380629241209","25.7","26.7","61.2","15.2","7.8","",
"Tunisia","TUN","Maternal mortality ratio (national estimate, per 100,000 live births)","SH.STA.MMRT.NE","","","","","","","","","","","","","","","","","","","","","","","","","","","","","","","","","","68.9","","","","","","","","","","","","","","","44.8","","","","","","","","","","","","","","","","",
"Turkiye","TUR","Maternal mortality ratio (national estimate, per 100,000 live births)","SH.STA.MMRT.NE","","","","","","","","","","","","","","","","","","","","","","","","","","","","","","","","","","","","","","","","","","","","","","","","21.2","19.4","18.4","16.4","15.5","15.4","15.9","15.2","14.6","14.7","14.5","13.6","13.1","","","","","",
"Tuvalu","TUV","Maternal mortality ratio (national estimate, per 100,000 live births)","SH.STA.MMRT.NE","","","","","","","","","","","","","","","","","","","","","","","","","","","","","","","","","","","","","","","","","","","","","","","","","","","","","","","","","","","","","","","","","",
"Tanzania","TZA","Maternal mortality ratio (national estimate, per 100,000 live births)","SH.STA.MMRT.NE","","","","","","","","","","","","","","","","","","","","","","","","","","","","","","","","","","","","","","","","","","","","","","","","","","","","","","","","","","","","","","","104","","",
"Uganda","UGA","Maternal mortality ratio (national estimate, per 100,000 live births)","SH.STA.MMRT.NE","","","","","","","","","","","","","","","","","","","","","","","","","","","","","","","","","","","","","","","","","","","","","","","","","","","","","","","","","336","","","","","","","","",
"Ukraine","UKR","Maternal mortality ratio (national estimate, per 100,000 live births)","SH.STA.MMRT.NE","","","","","","","","","","","","","","","","","","","","","","","","","","","","","","","","","","","","","","","","","","","","","","","","","","","","","","","","","","","","","","","","","",
"Upper middle income","UMC","Maternal mortality ratio (national estimate, per 100,000 live births)","SH.STA.MMRT.NE","","","","","","","","","","","","","","","","","","","","","","","","","","","","","","","","","","","","","","","","","","","","","","","","","","","","","","","","","","","","","","","","","",
"Uruguay","URY","Maternal mortality ratio (national estimate, per 100,000 live births)","SH.STA.MMRT.NE","","","","","","","","","","","","","","","","","","","","","","","","","","","","","","","","","","","","22.9","18.7","30.2","20.1","11.1","17.1","36.6","34.6","21.7","18","19.1","12.7","27.4","14.8","33.9","14.8","8.6","10.4","18.5","18.6","22.5","19.1","18.6","14.9","13.3","22.3","52","3.1","19.1","",
"United States","USA","Maternal mortality ratio (national estimate, per 100,000 live births)","SH.STA.MMRT.NE","","","","","","","","","","","","","","","","","","","","","","","","","","","","","","","","","","","","7.1","7.6","8.4","7.1","9.9","9.8","9.9","8.9","12.1","13.1","15.1","13.3","12.7","","","","","","","","","","","17.4","20.1","23.8","32.9","22.3","","",
"Uzbekistan","UZB","Maternal mortality ratio (national estimate, per 100,000 live births)","SH.STA.MMRT.NE","","","","","","","","","","","","","","","","","","","","","","","","","","","","","","","","","","","","","","","","","","","","","","","","","","","","","","","","","","","","","","","","","",
"St. Vincent and the Grenadines","VCT","Maternal mortality ratio (national estimate, per 100,000 live births)","SH.STA.MMRT.NE","","","","","","","","","","","","","","","","","","","","","","","","","","","","","","","","","","","","","","","","","","0","","","0","0","0","","","","","57.3","53.5","115.1","54.3","0","57.3","207.9","0","0","77.2","76.7","77.3","","",
"Venezuela, RB","VEN","Maternal mortality ratio (national estimate, per 100,000 live births)","SH.STA.MMRT.NE","","","","","","","","","","","","","","","","","","","","","","","","","","","","","","","","","","","","","","59.6","","59.3","60.1","67.2","68","57.8","","59.9","","56.8","62.9","73","69.3","73.3","69.8","68.7","82.4","80.24","132.84","122.66","125.44","","","","","","",
"British Virgin Islands","VGB","Maternal mortality ratio (national estimate, per 100,000 live births)","SH.STA.MMRT.NE","","","","","","","","","","","","","","","","","","","","","","","","","","","","","","","","","","","","","","","","","0","","0","0","0","0","0","0","0","0","","0","0","0","0","0","0","0","","","","0","0","415","",
"Virgin Islands (U.S.)","VIR","Maternal mortality ratio (national estimate, per 100,000 live births)","SH.STA.MMRT.NE","","","","","","","","","","","","","","","","","","","","","","","","","","","","","","","","","","","","","","","","0","","","0","0","","0","0","","","","","","","","","","","","","","","","","","",
"Viet Nam","VNM","Maternal mortality ratio (national estimate, per 100,000 live births)","SH.STA.MMRT.NE","","","","","","","","","","","","","","","","","","","","","","","","","","","","","","","","","","","","","","","","","","130","","","","","","","","69","","","","","","","","","","","","","","","",
"Vanuatu","VUT","Maternal mortality ratio (national estimate, per 100,000 live births)","SH.STA.MMRT.NE","","","","","","","","","","","","","","","","","","","","","","","","","","","","","","","","","","","","","","","","","","","","","","","","","","","","","","","","","","","","","","","","","",
"World","WLD","Maternal mortality ratio (national estimate, per 100,000 live births)","SH.STA.MMRT.NE","","","","","","","","","","","","","","","","","","","","","","","","","","","","","","","","","","","","","","","","","","","","","","","","","","","","","","","","","","","","","","","","","",
"Samoa","WSM","Maternal mortality ratio (national estimate, per 100,000 live births)","SH.STA.MMRT.NE","","","","","","","","","","","","","","","","","","","","","","","","","","","","","","","","","","","","","","","","","","","","","","","","","","","","","","","","","","","","","","","","","",
"Kosovo","XKX","Maternal mortality ratio (national estimate, per 100,000 live births)","SH.STA.MMRT.NE","","","","","","","","","","","","","","","","","","","","","","","","","","","","","","","","","","","","","","","","","","","","","","","","","","","","","","","","","","","","","","","","","",
"Yemen, Rep.","YEM","Maternal mortality ratio (national estimate, per 100,000 live births)","SH.STA.MMRT.NE","","","","","","","","","","","","","","","","","","","","","","","","","","","","","","","","","","","","","","","","","","","365","","","","","","","","","","148","","","","","","","","","","","","",
"South Africa","ZAF","Maternal mortality ratio (national estimate, per 100,000 live births)","SH.STA.MMRT.NE","","","","","","","","","","","","","","","","","","","","","","","","","","","","","","","","","","","","","","","","","","","","","","","702","","","","","","","","","","475","125.89","117.69","98.82","126.06","148.1","109.6","","",
"Zambia","ZMB","Maternal mortality ratio (national estimate, per 100,000 live births)","SH.STA.MMRT.NE","","","","","","","","","","","","","","","","","","","","","","","","","","","","","","","","","","","","","","","","","","","","","","","","","","","","","","","","","","","252","","","","","","",
"Zimbabwe","ZWE","Maternal mortality ratio (national estimate, per 100,000 live births)","SH.STA.MMRT.NE","","","","","","","","","","","","","","","","","","","","","","","","","","","","","","","","","","","","","","","","","","","","","","","","","","","","","","","","","","","","","","","","","",
